,confirm,suspect,heal,dead,severe,input,newConfirm,newDead,newHeal
突尼斯,718443,0,691640,25401,0,0.0,,,
塞尔维亚,1263663,0,1210147,11917,0,0.0,,,
中国,128445,0,119488,5697,0,10282.0,,,
湖北,68311,0,63799,4512,0,0.0,,,
武汉,50380,0,46511,3869,0,,,,
孝感,3518,0,3389,129,0,,,,
黄冈,2912,0,2787,125,0,,,,
荆州,1582,0,1530,52,0,,,,
鄂州,1395,0,1336,59,0,,,,
随州,1307,0,1262,45,0,,,,
襄阳,1175,0,1135,40,0,,,,
黄石,1015,0,976,39,0,,,,
荆门,971,0,930,41,0,,,,
宜昌,931,0,894,37,0,,,,
咸宁,836,0,821,15,0,,,,
十堰,672,0,664,8,0,,,,
仙桃,575,0,553,22,0,,,,
天门,498,0,483,15,0,,,,
恩施州,252,0,245,7,0,,,,
潜江,198,0,189,9,0,,,,
境外输入,83,0,83,0,0,,,,
神农架,11,0,11,0,0,,,,
境外输入人员,0,0,0,0,0,,,,
监狱系统,0,0,0,0,0,,,,
未明确地区,0,0,0,0,0,,,,
神农架林区,0,0,0,0,0,,,,
台湾,16662,0,13742,848,0,0.0,,,
未明确地区,16662,0,13742,848,0,,,,
香港,12466,0,12151,213,0,0.0,,,
未明确地区,12466,0,12151,213,0,,,,
广东,3324,0,3260,8,0,0.0,,,
境外输入,1756,0,1701,0,0,,,,
广州,524,0,522,1,0,,,,
深圳,431,0,428,3,0,,,,
东莞,102,0,101,1,0,,,,
佛山,101,0,101,0,0,,,,
珠海,98,0,97,1,0,,,,
中山,68,0,67,0,0,,,,
惠州,62,0,62,0,0,,,,
汕头,25,0,25,0,0,,,,
湛江,23,0,23,0,0,,,,
江门,23,0,23,0,0,,,,
肇庆,19,0,18,1,0,,,,
梅州,16,0,16,0,0,,,,
阳江,14,0,14,0,0,,,,
茂名,14,0,14,0,0,,,,
清远,12,0,12,0,0,,,,
韶关,10,0,9,1,0,,,,
揭阳,10,0,10,0,0,,,,
汕尾,6,0,6,0,0,,,,
河源,5,0,5,0,0,,,,
潮州,5,0,5,0,0,,,,
云浮,0,0,0,0,0,,,,
未明确地区,0,0,1,0,0,,,,
境外输入人员,0,0,0,0,0,,,,
上海,2882,0,2803,7,0,0.0,,,
境外输入,2496,0,2429,0,0,,,,
外地来沪,113,0,112,1,0,,,,
浦东,81,0,76,1,0,,,,
宝山,26,0,25,1,0,,,,
黄浦,22,0,22,0,0,,,,
闵行,19,0,19,0,0,,,,
徐汇,18,0,17,1,0,,,,
松江,16,0,16,0,0,,,,
静安,16,0,15,1,0,,,,
长宁,14,0,14,0,0,,,,
普陀,11,0,11,0,0,,,,
奉贤,9,0,9,0,0,,,,
嘉定,9,0,7,2,0,,,,
杨浦,9,0,9,0,0,,,,
青浦,7,0,6,0,0,,,,
虹口,7,0,7,0,0,,,,
金山,4,0,4,0,0,,,,
崇明,4,0,4,0,0,,,,
境外来沪,1,0,1,0,0,,,,
待确认,0,0,2,0,0,,,,
未明确地区,0,0,0,0,0,,,,
境外输入人员,0,0,0,0,0,,,,
浦东新区,0,0,0,0,0,,,,
闸北,0,0,0,0,0,,,,
黑龙江,2024,0,1977,13,0,0.0,,,
绥化,537,0,533,4,0,,,,
哈尔滨,536,0,500,4,0,,,,
境外输入,406,0,406,0,0,,,,
黑河,295,0,293,0,0,,,,
双鸭山,52,0,49,3,0,,,,
鸡西,46,0,46,0,0,,,,
齐齐哈尔,44,0,43,1,0,,,,
待确认,40,0,0,0,0,,,,
牡丹江,36,0,36,0,0,,,,
大庆,29,0,28,1,0,,,,
七台河,17,0,17,0,0,,,,
佳木斯,15,0,15,0,0,,,,
鹤岗,5,0,5,0,0,,,,
大兴安岭,3,0,3,0,0,,,,
未明确地区,2,0,2,0,0,,,,
伊春,1,0,1,0,0,,,,
境外输入人员,0,0,0,0,0,,,,
云南,1742,0,1617,2,0,0.0,,,
境外输入,1288,0,1216,0,0,,,,
德宏州,285,0,234,0,0,,,,
昆明,53,0,53,0,0,,,,
昭通市,25,0,25,0,0,,,,
西双版纳州,15,0,14,1,0,,,,
玉溪,14,0,13,1,0,,,,
大理,13,0,13,0,0,,,,
曲靖,13,0,13,0,0,,,,
红河,9,0,9,0,0,,,,
保山市,9,0,9,0,0,,,,
丽江市,7,0,7,0,0,,,,
普洱,4,0,4,0,0,,,,
楚雄州,4,0,4,0,0,,,,
文山州,2,0,2,0,0,,,,
临沧,1,0,1,0,0,,,,
丽江,0,0,0,0,0,,,,
德宏,0,0,0,0,0,,,,
未明确地区,0,0,0,0,0,,,,
楚雄,0,0,0,0,0,,,,
迪庆藏族自治州,0,0,0,0,0,,,,
保山,0,0,0,0,0,,,,
境外输入人员,0,0,0,0,0,,,,
怒江傈僳族自治州,0,0,0,0,0,,,,
西双版纳,0,0,0,0,0,,,,
昭通,0,0,0,0,0,,,,
河南,1637,0,1542,22,0,0.0,,,
郑州,349,0,290,5,0,,,,
信阳,274,0,272,2,0,,,,
南阳,156,0,153,3,0,,,,
驻马店,143,0,140,0,0,,,,
境外输入,125,0,115,0,0,,,,
商丘,107,0,101,3,0,,,,
周口,94,0,76,1,0,,,,
平顶山,58,0,57,1,0,,,,
新乡,57,0,54,3,0,,,,
安阳,54,0,53,0,0,,,,
许昌,40,0,38,1,0,,,,
漯河,36,0,36,0,0,,,,
开封,33,0,30,0,0,,,,
焦作,32,0,31,1,0,,,,
洛阳,31,0,30,1,0,,,,
鹤壁,19,0,19,0,0,,,,
濮阳,17,0,17,0,0,,,,
三门峡,7,0,6,1,0,,,,
济源示范区,5,0,5,0,0,,,,
济源,0,0,0,0,0,,,,
境外输入人员,0,0,0,0,0,,,,
未明确地区,0,0,19,0,0,,,,
江苏,1619,0,1614,0,0,0.0,,,
扬州,593,0,593,0,0,,,,
南京,329,0,329,0,0,,,,
境外输入,164,0,159,0,0,,,,
苏州,87,0,87,0,0,,,,
徐州,79,0,79,0,0,,,,
淮安,78,0,78,0,0,,,,
无锡,55,0,55,0,0,,,,
常州,54,0,54,0,0,,,,
连云港,48,0,48,0,0,,,,
南通,40,0,40,0,0,,,,
泰州,37,0,37,0,0,,,,
盐城,27,0,27,0,0,,,,
宿迁,16,0,16,0,0,,,,
镇江,12,0,12,0,0,,,,
地区未确认,0,0,6,0,0,,,,
境外输入人员,0,0,0,0,0,,,,
未明确地区,0,0,0,0,0,,,,
浙江,1501,0,1486,1,0,0.0,,,
温州,504,0,503,1,0,,,,
境外输入,281,0,268,0,0,,,,
杭州,182,0,181,0,0,,,,
宁波,157,0,157,0,0,,,,
台州,147,0,147,0,0,,,,
金华,55,0,55,0,0,,,,
嘉兴,46,0,46,0,0,,,,
绍兴,42,0,42,0,0,,,,
省十里丰监狱,36,0,36,0,0,,,,
丽水,17,0,17,0,0,,,,
衢州,14,0,14,0,0,,,,
湖州,10,0,10,0,0,,,,
舟山,10,0,10,0,0,,,,
境外输入人员,3,0,0,0,0,,,,
划归外省,0,0,0,0,0,,,,
未明确地区,0,0,0,0,0,,,,
河北,1458,0,1432,7,0,0.0,,,
石家庄,963,0,953,1,0,,,,
邢台,96,0,95,1,0,,,,
辛集市,71,0,58,0,0,,,,
唐山,58,0,57,1,0,,,,
保定,51,0,51,0,0,,,,
沧州,49,0,46,3,0,,,,
张家口,43,0,43,0,0,,,,
境外输入,37,0,37,0,0,,,,
廊坊,33,0,33,0,0,,,,
邯郸,32,0,32,0,0,,,,
地市待确认,20,0,0,0,0,,,,
秦皇岛,10,0,9,1,0,,,,
衡水,8,0,8,0,0,,,,
承德,7,0,7,0,0,,,,
未明确地区,0,0,3,0,0,,,,
地区待确诊,0,0,0,1,0,,,,
境外输入人员,0,0,0,0,0,,,,
待确认,0,0,1,0,0,,,,
地区待确定,0,0,15,0,0,,,,
福建,1323,0,1308,1,0,0.0,,,
境外输入,555,0,541,0,0,,,,
厦门,275,0,275,0,0,,,,
莆田,261,0,261,0,0,,,,
福州,72,0,71,1,0,,,,
泉州,71,0,71,0,0,,,,
宁德,26,0,26,0,0,,,,
漳州,23,0,23,0,0,,,,
南平,20,0,20,0,0,,,,
三明,14,0,14,0,0,,,,
龙岩,6,0,6,0,0,,,,
未明确地区,0,0,0,0,0,,,,
境外输入人员,0,0,0,0,0,,,,
四川,1277,0,1253,3,0,0.0,,,
境外输入,688,0,672,0,0,,,,
成都,189,0,168,3,0,,,,
甘孜,78,0,78,0,0,,,,
达州,42,0,42,0,0,,,,
南充,39,0,39,0,0,,,,
广安,30,0,30,0,0,,,,
泸州,25,0,25,0,0,,,,
巴中,24,0,24,0,0,,,,
绵阳,23,0,23,0,0,,,,
内江,22,0,22,0,0,,,,
德阳,18,0,18,0,0,,,,
遂宁,17,0,17,0,0,,,,
攀枝花,16,0,16,0,0,,,,
凉山,13,0,13,0,0,,,,
宜宾,13,0,13,0,0,,,,
自贡,10,0,9,0,0,,,,
雅安,8,0,8,0,0,,,,
眉山,8,0,8,0,0,,,,
广元,6,0,6,0,0,,,,
资阳,4,0,4,0,0,,,,
乐山,3,0,3,0,0,,,,
阿坝,1,0,1,0,0,,,,
甘孜州,0,0,0,0,0,,,,
阿坝州,0,0,0,0,0,,,,
未明确地区,0,0,14,0,0,,,,
境外输入人员,0,0,0,0,0,,,,
湖南,1199,0,1193,4,0,0.0,,,
长沙,247,0,245,2,0,,,,
岳阳,156,0,155,1,0,,,,
株洲,110,0,110,0,0,,,,
邵阳,102,0,101,1,0,,,,
常德,82,0,82,0,0,,,,
张家界,77,0,77,0,0,,,,
娄底,76,0,76,0,0,,,,
境外输入,67,0,65,0,0,,,,
益阳,63,0,63,0,0,,,,
衡阳,48,0,48,0,0,,,,
永州,44,0,44,0,0,,,,
怀化,40,0,40,0,0,,,,
郴州,39,0,39,0,0,,,,
湘潭,38,0,38,0,0,,,,
湘西自治州,10,0,10,0,0,,,,
境外输入人员,0,0,0,0,0,,,,
未明确地区,0,0,0,0,0,,,,
北京,1194,0,1177,9,0,0.0,600.0,0.0,592.0
境外输入,309,0,260,0,0,,,,86.0
丰台,277,0,273,0,0,,234.0,0.0,230.0
大兴,134,0,134,0,0,,95.0,0.0,95.0
海淀,90,0,82,0,0,,26.0,0.0,18.0
朝阳,83,0,80,0,0,,8.0,0.0,5.0
昌平,69,0,32,0,0,,40.0,0.0,3.0
西城,59,0,59,0,0,,6.0,0.0,6.0
顺义,45,0,45,0,0,,35.0,0.0,35.0
外地来京,26,0,25,0,0,,1.0,0.0,0.0
房山,25,0,20,0,0,,9.0,0.0,4.0
通州,20,0,11,9,0,,1.0,9.0,1.0
东城,19,0,19,0,0,,5.0,0.0,5.0
石景山,15,0,15,0,0,,1.0,0.0,1.0
怀柔,8,0,8,0,0,,1.0,0.0,1.0
密云,7,0,7,0,0,,0.0,0.0,0.0
门头沟,5,0,5,0,0,,2.0,0.0,2.0
未明确地区,2,0,101,0,0,,1.0,-9.0,100.0
延庆,1,0,1,0,0,,0.0,0.0,0.0
平谷,0,0,0,0,0,,0.0,0.0,0.0
境外输入人员,0,0,0,0,0,,-174.0,0.0,0.0
山东,1022,0,985,7,0,0.0,,,
济宁,260,0,260,0,0,,,,
境外输入,219,0,190,0,0,,,,
青岛,80,0,79,1,0,,,,
烟台,58,0,58,0,0,,,,
临沂,49,0,49,0,0,,,,
济南,47,0,47,0,0,,,,
潍坊,44,0,44,0,0,,,,
聊城,38,0,38,0,0,,,,
威海,38,0,37,1,0,,,,
德州,37,0,35,2,0,,,,
泰安,35,0,33,2,0,,,,
淄博,30,0,29,1,0,,,,
日照,30,0,29,0,0,,,,
枣庄,24,0,24,0,0,,,,
菏泽,18,0,18,0,0,,,,
滨州,15,0,15,0,0,,,,
东营,0,0,0,0,0,,,,
任城监狱,0,0,0,0,0,,,,
未明确地区,0,0,0,0,0,,,,
境外输入人员,0,0,0,0,0,,,,
莱芜,0,0,0,0,0,,,,
内蒙古,1015,0,617,1,0,0.0,,,
呼伦贝尔,433,0,38,0,0,,,,
境外输入,323,0,323,0,0,,,,
阿拉善盟,165,0,165,0,0,,,,
锡林郭勒,29,0,29,0,0,,,,
鄂尔多斯,12,0,12,0,0,,,,
包头,11,0,11,0,0,,,,
呼和浩特,10,0,10,0,0,,,,
赤峰,9,0,9,0,0,,,,
通辽,9,0,7,0,0,,,,
巴彦淖尔,8,0,7,1,0,,,,
乌兰察布,3,0,3,0,0,,,,
乌海,2,0,2,0,0,,,,
锡林郭勒盟,1,0,0,0,0,,,,
兴安盟,1,0,1,0,0,,,,
境外输入人员,0,0,0,0,0,,,,
未明确地区,0,0,0,0,0,,,,
安徽,1008,0,1002,6,0,0.0,,,
合肥,176,0,175,1,0,,,,
蚌埠,160,0,155,5,0,,,,
阜阳,156,0,156,0,0,,,,
亳州,108,0,108,0,0,,,,
安庆,83,0,83,0,0,,,,
六安,77,0,77,0,0,,,,
宿州,41,0,41,0,0,,,,
马鞍山,38,0,38,0,0,,,,
芜湖,34,0,34,0,0,,,,
铜陵,29,0,29,0,0,,,,
淮南,27,0,27,0,0,,,,
淮北,27,0,27,0,0,,,,
池州,17,0,17,0,0,,,,
滁州,13,0,13,0,0,,,,
黄山,9,0,9,0,0,,,,
境外输入,7,0,7,0,0,,,,
宣城,6,0,6,0,0,,,,
境外输入人员,0,0,0,0,0,,,,
未明确地区,0,0,0,0,0,,,,
新疆,981,0,978,3,0,0.0,,,
乌鲁木齐,845,0,845,0,0,,,,
喀什,80,0,80,0,0,,,,
伊犁州,19,0,19,0,0,,,,
兵团第四师,10,0,9,1,0,,,,
昌吉州,5,0,5,0,0,,,,
第八师石河子,4,0,3,1,0,,,,
兵团第九师,4,0,3,1,0,,,,
吐鲁番,3,0,3,0,0,,,,
兵团第十二师,3,0,3,0,0,,,,
巴州,3,0,3,0,0,,,,
六师五家渠,2,0,2,0,0,,,,
阿克苏,1,0,1,0,0,,,,
第七师,1,0,1,0,0,,,,
未明确地区,1,0,1,0,0,,,,
兵团第六师五家渠市,0,0,0,0,0,,,,
阿拉尔,0,0,0,0,0,,,,
阿勒泰,0,0,0,0,0,,,,
和田,0,0,0,0,0,,,,
博尔塔拉蒙古自治州,0,0,0,0,0,,,,
塔城,0,0,0,0,0,,,,
哈密,0,0,0,0,0,,,,
图木舒克,0,0,0,0,0,,,,
兵团第八师石河子市,0,0,0,0,0,,,,
兵团第七师,0,0,0,0,0,,,,
克拉玛依,0,0,0,0,0,,,,
克孜勒苏柯尔克孜自治州,0,0,0,0,0,,,,
江西,959,0,958,1,0,0.0,,,
南昌,231,0,231,0,0,,,,
上饶,144,0,144,0,0,,,,
新余,129,0,129,0,0,,,,
九江,117,0,117,0,0,,,,
宜春,106,0,106,0,0,,,,
赣州,74,0,73,1,0,,,,
抚州,72,0,72,0,0,,,,
萍乡,33,0,33,0,0,,,,
吉安,22,0,22,0,0,,,,
鹰潭,18,0,18,0,0,,,,
境外输入,6,0,6,0,0,,,,
景德镇,6,0,6,0,0,,,,
赣江新区,1,0,1,0,0,,,,
境外输入人员,0,0,0,0,0,,,,
未明确地区,0,0,0,0,0,,,,
辽宁,786,0,710,2,0,0.0,,,
大连,470,0,400,0,0,,,,
境外输入,148,0,144,0,0,,,,
沈阳,78,0,78,0,0,,,,
锦州,12,0,12,0,0,,,,
葫芦岛,12,0,11,1,0,,,,
营口,11,0,11,0,0,,,,
丹东,11,0,11,0,0,,,,
盘锦,11,0,11,0,0,,,,
阜新,8,0,8,0,0,,,,
铁岭,8,0,8,0,0,,,,
朝阳市,6,0,5,1,0,,,,
鞍山,4,0,4,0,0,,,,
本溪,3,0,3,0,0,,,,
辽阳,3,0,3,0,0,,,,
抚顺,1,0,1,0,0,,,,
朝阳,0,0,0,0,0,,,,
境外输入人员,0,0,0,0,0,,,,
未明确地区,0,0,0,0,0,,,,
陕西,711,0,699,3,0,0.0,,,
境外输入,448,0,440,0,0,,,,
本土病例,247,0,244,0,0,,,,
西安,135,0,132,3,0,,,,
汉中,26,0,26,0,0,,,,
安康,26,0,26,0,0,,,,
咸阳,18,0,17,0,0,,,,
渭南,17,0,17,0,0,,,,
宝鸡,13,0,13,0,0,,,,
铜川,8,0,8,0,0,,,,
延安,8,0,8,0,0,,,,
商洛,7,0,7,0,0,,,,
榆林,3,0,3,0,0,,,,
韩城,1,0,1,0,0,,,,
杨凌,1,0,1,0,0,,,,
未明确地区,0,0,0,0,0,,,,
杨凌示范区,0,0,0,0,0,,,,
韩城市,0,0,0,0,0,,,,
境外输入人员,0,0,0,0,0,,,,
重庆,610,0,601,6,0,0.0,,,
万州区,118,0,114,4,0,,,,
江北区,28,0,28,0,0,,,,
境外输入,26,0,26,0,0,,,,
云阳县,25,0,25,0,0,,,,
长寿区,24,0,22,0,0,,,,
綦江区,23,0,23,0,0,,,,
合川区,23,0,23,0,0,,,,
奉节县,22,0,22,0,0,,,,
九龙坡区,22,0,21,1,0,,,,
忠县,21,0,21,0,0,,,,
开州区,21,0,20,1,0,,,,
渝中区,20,0,20,0,0,,,,
垫江县,20,0,20,0,0,,,,
两江新区,18,0,18,0,0,,,,
潼南区,18,0,18,0,0,,,,
渝北区,17,0,17,0,0,,,,
石柱县,15,0,15,0,0,,,,
南岸区,15,0,15,0,0,,,,
巫溪县,14,0,14,0,0,,,,
大足区,14,0,14,0,0,,,,
丰都县,10,0,10,0,0,,,,
铜梁区,10,0,10,0,0,,,,
巫山县,10,0,10,0,0,,,,
沙坪坝区,10,0,10,0,0,,,,
璧山区,9,0,9,0,0,,,,
荣昌区,9,0,9,0,0,,,,
巴南区,7,0,6,0,0,,,,
大渡口区,7,0,7,0,0,,,,
江津区,6,0,6,0,0,,,,
涪陵区,5,0,5,0,0,,,,
永川区,5,0,5,0,0,,,,
梁平区,4,0,4,0,0,,,,
高新区,4,0,4,0,0,,,,
黔江区,2,0,2,0,0,,,,
城口县,2,0,2,0,0,,,,
彭水县,2,0,2,0,0,,,,
武隆区,1,0,1,0,0,,,,
万盛经开区,1,0,1,0,0,,,,
酉阳县,1,0,1,0,0,,,,
秀山县,1,0,1,0,0,,,,
未明确地区,0,0,0,0,0,,,,
开州,0,0,0,0,0,,,,
境外输入人员,0,0,0,0,0,,,,
开县,0,0,0,0,0,,,,
永川,0,0,0,0,0,,,,
合川,0,0,0,0,0,,,,
江津,0,0,0,0,0,,,,
长寿,0,0,0,0,0,,,,
南川,0,0,0,0,0,,,,
九龙坡,0,0,0,0,0,,,,
沙坪坝,0,0,0,0,0,,,,
江北,0,0,0,0,0,,,,
北碚,0,0,0,0,0,,,,
南岸,0,0,0,0,0,,,,
綦江,0,0,0,0,0,,,,
黔江,0,0,0,0,0,,,,
巴南,0,0,0,0,0,,,,
渝北,0,0,0,0,0,,,,
大足,0,0,0,0,0,,,,
渝中,0,0,0,0,0,,,,
涪陵,0,0,0,0,0,,,,
万州,0,0,0,0,0,,,,
吉林,585,0,576,3,0,0.0,,,
通化,313,0,312,1,0,,,,
长春,150,0,150,0,0,,,,
长春市,70,0,45,0,0,,,,
通化市,64,0,6,0,0,,,,
吉林,50,0,49,1,0,,,,
未明确地区,46,0,0,0,0,,,,
境外输入,29,0,23,0,0,,,,
四平,17,0,16,1,0,,,,
辽源,7,0,7,0,0,,,,
松原,6,0,6,0,0,,,,
公主岭,6,0,6,0,0,,,,
延边,5,0,5,0,0,,,,
白城,1,0,1,0,0,,,,
梅河口市,1,0,1,0,0,,,,
白山,0,0,0,0,0,,,,
梅河口,0,0,0,0,0,,,,
境外输入人员,0,0,0,0,0,,,,
天津,535,0,514,3,0,0.0,,,
境外输入,388,0,370,0,0,,,,
天津本土,147,0,140,0,0,,,,
宝坻区,60,0,58,2,0,,,,
河东区,15,0,14,1,0,,,,
滨海新区,13,0,13,0,0,,,,
河北区,12,0,12,0,0,,,,
北辰区,7,0,7,0,0,,,,
外地来津,6,0,6,0,0,,,,
南开区,6,0,6,0,0,,,,
和平区,6,0,6,0,0,,,,
河西区,4,0,4,0,0,,,,
东丽区,4,0,4,0,0,,,,
西青区,4,0,4,0,0,,,,
宁河区,4,0,4,0,0,,,,
津南区,2,0,2,0,0,,,,
红桥区,2,0,2,0,0,,,,
武清区,2,0,2,0,0,,,,
河东,0,0,0,0,0,,,,
河西,0,0,0,0,0,,,,
南开,0,0,0,0,0,,,,
河北,0,0,0,0,0,,,,
和平,0,0,0,0,0,,,,
红桥,0,0,0,0,0,,,,
北辰,0,0,0,0,0,,,,
武清,0,0,0,0,0,,,,
宝坻,0,0,0,0,0,,,,
东丽,0,0,0,0,0,,,,
西青,0,0,0,0,0,,,,
津南,0,0,0,0,0,,,,
境外输入人员,0,0,0,0,0,,,,
静海县,0,0,0,0,0,,,,
蓟县,0,0,0,0,0,,,,
未明确地区,0,0,0,0,0,,,,
广西,426,0,321,2,0,0.0,,,
境外输入,173,0,70,0,0,,,,
南宁,56,0,56,0,0,,,,
北海,44,0,43,1,0,,,,
桂林,32,0,32,0,0,,,,
河池,28,0,27,1,0,,,,
柳州,24,0,24,0,0,,,,
防城港,19,0,19,0,0,,,,
玉林,11,0,11,0,0,,,,
来宾,11,0,11,0,0,,,,
贵港,8,0,8,0,0,,,,
钦州,8,0,8,0,0,,,,
梧州,5,0,5,0,0,,,,
贺州,4,0,4,0,0,,,,
百色,3,0,3,0,0,,,,
境外输入人员,1,0,0,0,0,,,,
未明确地区,0,0,0,0,0,,,,
崇左,0,0,0,0,0,,,,
甘肃,344,0,342,2,0,0.0,,,
兰州,119,0,117,2,0,,,,
境外输入,108,0,108,0,0,,,,
天水,51,0,51,0,0,,,,
张掖,17,0,17,0,0,,,,
定西,9,0,9,0,0,,,,
平凉,9,0,9,0,0,,,,
甘南州,8,0,8,0,0,,,,
陇南,6,0,6,0,0,,,,
嘉峪关,5,0,5,0,0,,,,
白银,4,0,4,0,0,,,,
临夏,3,0,3,0,0,,,,
庆阳,3,0,3,0,0,,,,
金昌,1,0,1,0,0,,,,
未明确地区,1,0,1,0,0,,,,
兰州新区,1,0,0,0,0,,,,
酒泉,0,0,0,0,0,,,,
武威,0,0,0,0,0,,,,
境外输入人员,0,0,0,0,0,,,,
甘南,0,0,0,0,0,,,,
山西,265,0,260,0,0,0.0,,,
境外输入,127,0,122,0,0,,,,
晋中,41,0,41,0,0,,,,
太原,21,0,21,0,0,,,,
运城,19,0,19,0,0,,,,
大同,12,0,12,0,0,,,,
晋城,10,0,10,0,0,,,,
长治,8,0,8,0,0,,,,
朔州,8,0,8,0,0,,,,
忻州,7,0,7,0,0,,,,
吕梁,6,0,6,0,0,,,,
阳泉,4,0,4,0,0,,,,
临汾,2,0,2,0,0,,,,
未明确地区,0,0,2,0,0,,,,
境外输入人员,0,0,0,0,0,,,,
海南,190,0,184,6,0,0.0,,,
三亚,55,0,54,1,0,,,,
海口,41,0,41,0,0,,,,
境外输入,19,0,19,0,0,,,,
儋州,15,0,14,1,0,,,,
万宁,13,0,13,0,0,,,,
澄迈县,9,0,8,1,0,,,,
昌江县,7,0,7,0,0,,,,
琼海,6,0,5,1,0,,,,
临高县,6,0,6,0,0,,,,
陵水县,4,0,4,0,0,,,,
文昌,3,0,3,0,0,,,,
东方,3,0,2,1,0,,,,
定安县,3,0,2,1,0,,,,
保亭,3,0,3,0,0,,,,
乐东,2,0,2,0,0,,,,
琼中县,1,0,1,0,0,,,,
白沙黎族自治县,0,0,0,0,0,,,,
保亭县,0,0,0,0,0,,,,
西沙群岛,0,0,0,0,0,,,,
未明确地区,0,0,1,0,0,,,,
中沙群岛的岛礁及其海域,0,0,0,0,0,,,,
屯昌县,0,0,0,0,0,,,,
五指山,0,0,0,0,0,,,,
昌江,0,0,0,0,0,,,,
陵水,0,0,0,0,0,,,,
南沙群岛,0,0,0,0,0,,,,
境外输入人员,0,0,0,0,0,,,,
贵州,159,0,157,2,0,0.0,,,
遵义,44,0,44,0,0,,,,
贵阳,36,0,35,1,0,,,,
毕节,23,0,23,0,0,,,,
黔南州,17,0,17,0,0,,,,
黔东南州,10,0,10,0,0,,,,
六盘水,10,0,9,1,0,,,,
铜仁,10,0,10,0,0,,,,
黔西南州,4,0,4,0,0,,,,
安顺,4,0,4,0,0,,,,
境外输入,1,0,1,0,0,,,,
境外输入人员,0,0,0,0,0,,,,
未明确地区,0,0,0,0,0,,,,
宁夏,122,0,122,0,0,0.0,,,
银川,68,0,68,0,0,,,,
吴忠,39,0,39,0,0,,,,
固原,5,0,5,0,0,,,,
中卫,4,0,4,0,0,,,,
境外输入,4,0,4,0,0,,,,
石嘴山,1,0,1,0,0,,,,
宁东管委会,1,0,1,0,0,,,,
宁东,0,0,0,0,0,,,,
未明确地区,0,0,0,0,0,,,,
澳门,77,0,77,0,0,0.0,,,
未明确地区,77,0,77,0,0,,,,
青海,30,0,30,0,0,0.0,,,
西宁,26,0,26,0,0,,,,
海北州,3,0,3,0,0,,,,
海东,1,0,1,0,0,,,,
未明确地区,0,0,0,0,0,,,,
西藏,1,0,1,0,0,0.0,,,
拉萨,1,0,1,0,0,,,,
未明确地区,0,0,0,0,0,,,,
日本本土,1727828,0,1708638,18364,0,0.0,,,
东京,343642,0,301921,2476,0,0.0,,,
大阪府,168736,0,134743,2784,0,0.0,,,
神奈川县,147848,0,127360,1109,0,0.0,,,
埼玉县,101151,0,83870,895,0,0.0,,,
千叶县,86838,0,69587,855,0,0.0,,,
爱知县,83780,0,61262,1021,0,0.0,,,
兵库县,66653,0,54880,1336,0,0.0,,,
福冈县,65127,0,51630,572,0,0.0,,,
北海道,56801,0,50250,1449,0,0.0,,,
冲绳县,42757,0,35512,259,0,0.0,,,
京都府,30225,0,21673,250,0,0.0,,,
静冈县,22534,0,15648,171,0,0.0,,,
茨城县,20644,0,18004,187,0,0.0,,,
广岛县,18691,0,14975,179,0,0.0,,,
岐阜县,15490,0,12386,195,0,0.0,,,
群马县,14937,0,12125,160,0,0.0,,,
宫城县,14760,0,12208,102,0,0.0,,,
冈山县,13384,0,10253,128,0,0.0,,,
栃木县,13267,0,11208,104,0,0.0,,,
奈良县,13174,0,11342,138,0,0.0,,,
熊本县,12557,0,9884,128,0,0.0,,,
三重县,12381,0,7599,131,0,0.0,,,
滋贺县,10593,0,8070,96,0,0.0,,,
福岛县,8784,0,7468,162,0,0.0,,,
鹿儿岛县,8106,0,6245,46,0,0.0,,,
长野县,7877,0,6850,93,0,0.0,,,
石川县,7260,0,6456,124,0,0.0,,,
大分县,7002,0,5389,68,0,0.0,,,
新潟县,6774,0,5638,54,0,0.0,,,
东京都,5544,0,4824,313,0,0.0,,,
宫崎县,5429,0,4159,32,0,0.0,,,
长崎县,5269,0,4454,69,0,0.0,,,
佐贺县,5153,0,3472,27,0,0.0,,,
山口县,4955,0,4102,85,0,0.0,,,
爱媛县,4651,0,3933,79,0,0.0,,,
和歌山县,4568,0,3854,52,0,0.0,,,
山梨县,4497,0,3671,25,0,0.0,,,
富山县,4380,0,3086,42,0,0.0,,,
青森县,4359,0,3348,32,0,0.0,,,
香川县,4300,0,3401,33,0,0.0,,,
高知县,3535,0,2602,31,0,0.0,,,
山形县,3232,0,2682,49,0,0.0,,,
德岛县,2747,0,2094,62,0,0.0,,,
福井县,2578,0,2199,36,0,0.0,,,
秋田县,1624,0,1325,23,0,0.0,,,
鸟取县,1459,0,1135,4,0,0.0,,,
岛根县,1379,0,1097,2,0,0.0,,,
检疫等工作人员,1055,0,0,0,0,0.0,,,
钻石公主号邮轮,712,0,655,13,0,0.0,,,
兵庫县,699,0,652,42,0,0.0,,,
厚生劳动省工作人员,386,0,2,0,0,0.0,,,
武汉包机回国者,173,0,0,2,0,0.0,,,
广岛,168,0,162,3,0,0.0,,,
愛媛县,82,0,64,4,0,0.0,,,
福岛,81,0,78,0,0,0.0,,,
岩手县,25,0,0,0,0,0.0,,,
长崎,17,0,16,1,0,0.0,,,
撤回侨民,14,0,14,0,0,0.0,,,
未明确地区,0,0,0,0,0,0.0,,,
泰国,2141241,0,2048815,20942,0,0.0,,,
新加坡,269211,0,259556,759,0,0.0,,,
韩国,473034,0,407175,3852,0,0.0,,,
首尔,22484,0,17093,265,0,0.0,,,
京畿道,18134,0,14178,384,0,0.0,,,
大邱,8147,0,7751,205,0,0.0,,,
仁川,3548,0,2922,42,0,0.0,,,
庆尚北道,2776,0,2436,64,0,0.0,,,
未明确地区,2600,0,1870,2,0,0.0,,,
釜山,2415,0,1851,84,0,0.0,,,
忠清南道,1899,0,1637,30,0,0.0,,,
庆尚南道,1765,0,1439,7,0,0.0,,,
江原道,1529,0,1251,24,0,0.0,,,
忠清北道,1464,0,1081,41,0,0.0,,,
光州,1433,0,1188,12,0,0.0,,,
全罗北道,989,0,837,34,0,0.0,,,
大田,948,0,855,12,0,0.0,,,
蔚山,886,0,706,36,0,0.0,,,
全罗南道,659,0,542,6,0,0.0,,,
济州岛,497,0,462,0,0,0.0,,,
世宗,167,0,154,1,0,0.0,,,
济州,15,0,15,0,0,0.0,,,
澳大利亚,217842,0,197070,2050,0,0.0,,,
德国,6179839,0,5082500,103604,0,0.0,,,
美国,49969856,0,39523573,808763,0,0.0,,,
加利福尼亚,4062369,0,2124938,64797,0,0.0,,,
德克萨斯,3249297,0,2999374,53904,0,0.0,,,
佛罗里达,2827450,0,2306339,39934,0,0.0,,,
纽约,2244682,0,2089578,54330,0,0.0,,,
伊利诺伊,1444211,0,1367928,26023,0,0.0,,,
宾夕法尼亚,1242748,0,1188437,28000,0,0.0,,,
乔治亚,1224457,0,1094615,21831,0,0.0,,,
俄亥俄州,1143599,0,1096025,20556,0,0.0,,,
北卡罗来纳,1086938,0,1025847,13759,0,0.0,,,
新泽西,1050083,0,993514,26650,0,0.0,,,
密歇根州,1021681,0,874163,21228,0,0.0,,,
亚利桑那,948245,0,883855,18388,0,0.0,,,
田纳西,923520,0,874590,12844,0,0.0,,,
印第安纳,786272,0,740239,14064,0,0.0,,,
马萨诸塞,729047,0,0,18098,0,0.0,,,
弗吉尼亚,709319,0,0,11571,0,0.0,,,
密苏里州,702924,0,581057,10459,0,0.0,,,
威斯康星,697781,0,0,8306,0,0.0,,,
南卡罗来纳州,643621,0,584726,9981,0,0.0,,,
明尼苏达,618906,0,604597,7791,0,0.0,,,
阿拉巴马州,612086,0,0,11625,0,0.0,,,
路易斯安那州,590446,0,0,11260,0,0.0,,,
科罗拉多,584462,0,518784,7262,0,0.0,,,
俄克拉荷马,500311,0,474167,7531,0,0.0,,,
肯塔基,500267,0,0,7387,0,0.0,,,
华盛顿州,496673,0,232455,6218,0,0.0,,,
马里兰,474555,0,11141,9861,0,0.0,,,
犹他,440497,0,421347,2503,0,0.0,,,
爱荷华州,413988,0,368607,6193,0,0.0,,,
阿肯色州,405272,0,376023,6322,0,0.0,,,
内华达,366584,0,323729,6040,0,0.0,,,
密西西比州,365061,0,320771,7649,0,0.0,,,
康涅狄格,359363,0,341358,8296,0,0.0,,,
堪萨斯州,342196,0,313895,5322,0,0.0,,,
美军,318759,0,302978,385,0,0.0,,,
退伍军人事务部,283037,0,261154,12870,0,0.0,,,
内布拉斯加,231069,0,0,2290,0,0.0,,,
俄勒冈,230103,0,204951,2903,0,0.0,,,
新墨西哥州,215098,0,197693,4425,0,0.0,,,
爱达荷州,205033,0,117460,2224,0,0.0,,,
西弗吉尼亚,170199,0,163217,2972,0,0.0,,,
罗德岛,155825,0,0,2743,0,0.0,,,
波多黎各,152532,0,130097,2611,0,0.0,,,
南达科塔州,125592,0,122885,2050,0,0.0,,,
蒙大拿,118270,0,114381,1723,0,0.0,,,
特拉华州,112967,0,108258,1835,0,0.0,,,
北达科他州,112393,0,110145,1542,0,0.0,,,
新罕布什尔,102117,0,99458,1389,0,0.0,,,
阿拉斯加州,75056,0,67446,391,0,0.0,,,
缅因州,71304,0,0,901,0,0.0,,,
怀俄明州,67026,0,64225,786,0,0.0,,,
联邦监狱局,55304,0,0,246,0,0.0,,,
华盛顿特区,51589,0,34985,1149,0,0.0,,,
夏威夷,46940,0,0,543,0,0.0,,,
纳瓦霍族保留地,31650,0,30038,1383,0,0.0,,,
佛蒙特,25571,0,24326,262,0,0.0,,,
关岛,8725,0,8391,143,0,0.0,,,
美属维尔京群岛,5033,0,4647,40,0,0.0,,,
北马里亚纳群岛,183,0,0,2,0,0.0,,,
至尊公主号邮轮,103,0,0,3,0,0.0,,,
钻石公主号邮轮,46,0,0,0,0,0.0,,,
撤回侨民,3,0,0,0,0,0.0,,,
未明确地区,0,0,0,0,0,0.0,,,
马来西亚,2658772,0,2566159,30614,0,0.0,,,
越南,1309092,0,1009277,26260,0,0.0,,,
圣巴泰勒米,6,0,6,0,0,,,,
肯尼亚,255437,0,248426,5335,0,0.0,,,
伊朗,6134465,0,5923316,130200,0,0.0,,,
未明确地区,19857,0,13911,2757,0,0.0,,,
德黑兰省,5098,0,0,0,0,0.0,,,
德黑兰,5098,0,0,0,0,0.0,,,
伊斯法罕省,1979,0,0,0,0,0.0,,,
伊斯法罕,1979,0,0,0,0,0.0,,,
马赞德兰省,1700,0,0,0,0,0.0,,,
马赞德兰,1700,0,0,0,0,0.0,,,
吉兰省,1191,0,0,0,0,0.0,,,
吉兰,1191,0,0,0,0,0.0,,,
库姆省,1178,0,0,0,0,0.0,,,
库姆,1178,0,0,2,0,0.0,,,
厄尔布尔士省,1177,0,0,0,0,0.0,,,
厄尔布尔士,1177,0,0,0,0,0.0,,,
亚兹德,1100,0,0,104,0,0.0,,,
中央省,882,0,0,0,0,0.0,,,
拉扎维霍拉桑省,858,0,0,0,0,0.0,,,
呼罗珊,858,0,0,0,0,0.0,,,
东阿塞拜疆省,813,0,0,0,0,0.0,,,
东阿塞拜疆,813,0,0,0,0,0.0,,,
亚兹德省,725,0,0,0,0,0.0,,,
加兹温省,669,0,0,0,0,0.0,,,
加兹温,669,0,0,0,0,0.0,,,
塞姆南省,645,0,0,0,0,0.0,,,
塞姆南,645,0,0,0,0,0.0,,,
法尔斯省,505,0,0,0,0,0.0,,,
法尔斯,505,0,0,0,0,0.0,,,
洛雷斯坦省,476,0,0,0,0,0.0,,,
洛雷斯坦,476,0,0,0,0,0.0,,,
胡泽斯坦省,444,0,0,0,0,0.0,,,
胡齐斯坦,444,0,0,0,0,0.0,,,
西阿塞拜疆省,395,0,0,0,0,0.0,,,
西阿塞拜疆,395,0,0,0,0,0.0,,,
赞詹,394,0,0,0,0,0.0,,,
赞詹省,394,0,0,0,0,0.0,,,
古列斯坦省,391,0,0,0,0,0.0,,,
戈勒斯坦,391,0,0,0,0,0.0,,,
阿尔达比勒省,289,0,0,0,0,0.0,,,
阿尔达比勒,289,0,0,0,0,0.0,,,
哈马丹省,243,0,0,0,0,0.0,,,
哈马丹,243,0,0,0,0,0.0,,,
库尔德斯坦省,238,0,0,0,0,0.0,,,
库尔德斯坦,238,0,0,0,0,0.0,,,
伊拉姆省,183,0,0,0,0,0.0,,,
伊拉姆,183,0,0,0,0,0.0,,,
南霍拉桑省,178,0,0,0,0,0.0,,,
南呼罗珊,178,0,0,0,0,0.0,,,
克尔曼沙省,175,0,0,0,0,0.0,,,
克尔曼沙汗,175,0,0,0,0,0.0,,,
克尔曼省,169,0,0,0,0,0.0,,,
克尔曼,169,0,0,0,0,0.0,,,
北霍拉桑省,165,0,0,0,0,0.0,,,
北呼罗珊,165,0,0,0,0,0.0,,,
霍尔木兹甘省,148,0,0,0,0,0.0,,,
霍尔木兹甘,148,0,0,0,0,0.0,,,
锡斯坦俾路支斯坦省,134,0,0,0,0,0.0,,,
锡斯坦-俾路支斯坦,134,0,0,0,0,0.0,,,
科吉卢耶博韦艾哈迈德省,73,0,0,0,0,0.0,,,
科吉卢耶-博韦艾哈迈德,73,0,0,0,0,0.0,,,
恰马哈勒巴赫蒂亚里省,68,0,0,0,0,0.0,,,
恰哈马哈勒-巴赫蒂亚里,68,0,0,0,0,0.0,,,
布什尔省,55,0,0,0,0,0.0,,,
布什尔,55,0,0,0,0,0.0,,,
以色列,1346106,0,1332425,8204,0,0.0,,,
毛利亚尼亚,16,0,6,2,0,,,,
黎巴嫩,678801,0,634994,8775,0,0.0,,,
克罗地亚,631037,0,590341,11218,0,0.0,,,
奥地利,1198478,0,1075482,12796,0,0.0,,,
瑞士,1039730,0,870684,11612,0,0.0,,,
希腊,966221,0,876039,18595,0,0.0,,,
毛里求斯,22090,0,20266,455,0,0.0,,,
爱沙尼亚,224993,0,207850,1823,0,0.0,,,
北马其顿,217301,0,203574,7641,0,0.0,,,
白俄罗斯,663813,0,652874,5162,0,0.0,,,
立陶宛,479845,0,444556,6847,0,0.0,,,
阿塞拜疆,596388,0,564577,7967,0,0.0,,,
美属维尔京群岛,72,0,46,6,0,,,,
蒙古,197,0,98,0,0,,,,
乌克兰,3497477,0,3050659,88280,0,0.0,,,
波兰,3671421,0,3142265,85675,0,0.0,,,
波黑,277228,0,192218,12687,0,0.0,,,
蒙特塞拉特,11,0,10,1,0,,,,
南非,3031694,0,2858144,89966,0,0.0,,,
布隆迪,85,0,45,1,0,,,,
南苏丹,12758,0,12463,133,0,0.0,,,
马耳他,39934,0,37761,468,0,0.0,,,
摩尔多瓦,366256,0,350497,9217,0,0.0,,,
保加利亚,703160,0,573497,28852,0,0.0,,,
孟加拉,1577443,0,1542274,28001,0,0.0,,,
阿尔巴尼亚,1521,0,1044,36,0,,,,
巴勒斯坦,431863,0,423981,4549,0,0.0,,,
科摩罗,176,0,114,2,0,,,,
阿富汗,157455,0,140723,7312,0,0.0,,,
沙特阿拉伯,549912,0,539056,8844,0,0.0,,,
新西兰,12195,0,5834,44,0,0.0,,,
塔吉克斯坦,17095,0,16966,124,0,0.0,,,
泽西岛,313,0,292,15,0,0.0,,,
叙利亚,177,0,74,6,0,,,,
巴拿马,479053,0,468838,7374,0,0.0,,,
古巴,963090,0,954175,8309,0,0.0,,,
尼日利亚,214622,0,207450,2980,0,0.0,,,
摩洛哥,950591,0,932920,14788,0,0.0,,,
塞内加尔,74024,0,72103,1886,0,0.0,,,
老挝,19,0,19,0,0,,,,
巴哈马,22836,0,21616,705,0,0.0,,,
马约特岛,21003,0,2964,185,0,0.0,,,
斯洛文尼亚,430064,0,395415,5303,0,0.0,,,
卢森堡,90774,0,84834,880,0,0.0,,,
爱尔兰,594250,0,458280,5707,0,0.0,,,
厄瓜多尔,526870,0,443880,33250,0,0.0,,,
捷克,2240742,0,1922396,33723,0,0.0,,,
匈牙利,1134869,0,910745,35122,0,0.0,,,
法属圭亚那,46142,0,11254,328,0,0.0,,,
多哥共和国,530,0,291,13,0,0.0,,,
哥斯达黎加,567383,0,552158,7312,0,0.0,,,
文莱,15186,0,14773,98,0,0.0,,,
法罗群岛,187,0,187,0,0,0.0,,,
马提尼克岛,45501,0,104,718,0,0.0,,,
荷兰,2751954,0,2158065,19668,0,0.0,,,
巴西,22143091,0,21362553,615674,0,0.0,,,
洪都拉斯,378251,0,122039,10413,0,0.0,,,
乌拉圭,400925,0,392582,6134,0,0.0,,,
秘鲁,2242646,0,1720665,201360,0,0.0,,,
智利,1772547,0,1665361,38501,0,0.0,,,
格陵兰,1582,0,1261,0,0,0.0,,,
圣巴托洛谬岛,6,0,6,0,0,,,,
马尔代夫,92211,0,90205,254,0,0.0,,,
委内瑞拉,434918,0,422289,5193,0,0.0,,,
毛里塔尼亚,39558,0,37877,840,0,0.0,,,
纳米比亚,31,0,17,0,0,,,,
法属留尼汪岛,487,0,447,1,0,0.0,,,
波多黎各,5536,0,0,146,0,0.0,,,
加纳,130920,0,129042,1209,0,0.0,,,
赤道几内亚,13599,0,13346,175,0,0.0,,,
几内亚,30770,0,29725,387,0,0.0,,,
卢旺达,100414,0,45522,1343,0,0.0,,,
格林纳达,23,0,22,0,0,,,,
斯威士兰,47504,0,45271,1248,0,0.0,,,
坦桑尼亚,26270,0,0,730,0,0.0,,,
贝宁,24863,0,24546,161,0,0.0,,,
刚果（金）,58319,0,50930,1107,0,0.0,,,
中非共和国,11742,0,6859,101,0,0.0,,,
利比里亚,5824,0,5523,287,0,0.0,,,
索马里,23051,0,12325,1331,0,0.0,,,
塞拉利昂,6402,0,0,121,0,0.0,,,
乍得,5701,0,4874,181,0,0.0,,,
赞比亚,210312,0,206466,3667,0,0.0,,,
巴巴多斯,96,0,83,7,0,,,,
马里,17915,0,15298,618,0,0.0,,,
阿根廷,5340676,0,5201840,116646,0,0.0,,,
法属波利尼西亚,60,0,60,0,0,,,,
巴林,277831,0,276123,1394,0,0.0,,,
莫桑比克,151924,0,149575,1941,0,0.0,,,
喀麦隆,107148,0,102716,1804,0,0.0,,,
乌干达,127655,0,97627,3254,0,0.0,,,
厄立特里亚,41,0,39,0,0,,,,
刚果（布）,18970,0,12421,354,0,0.0,,,
津巴布韦,139046,0,128868,4710,0,0.0,,,
丹麦,509111,0,447152,2946,0,0.0,,,
阿鲁巴,16450,0,16095,174,0,0.0,,,
斐济,52552,0,51121,697,0,0.0,,,
伯利兹,30680,0,28979,579,0,0.0,,,
缅甸,524407,0,500304,19141,0,0.0,,,
塞浦路斯,136832,0,124370,601,0,0.0,,,
关岛,183,0,143,5,0,0.0,,,
科索沃,1326,0,921,31,0,0.0,,,
圣皮埃尔岛和密克隆岛,1,0,1,0,0,0.0,,,
吉尔吉斯斯坦,183615,0,178602,2758,0,0.0,,,
博茨瓦纳,60,0,24,1,0,,,,
尼日尔,7080,0,6729,261,0,0.0,,,
苏里南,50993,0,29577,1170,0,0.0,,,
佛得角,38450,0,37972,351,0,0.0,,,
萨尔瓦多,119803,0,102982,3783,0,0.0,,,
圭亚那,159,0,99,12,0,,,,
尼加拉瓜,17254,0,4225,210,0,0.0,,,
冈比亚,28,0,24,1,0,,,,
东帝汶,24,0,24,0,0,,,,
巴基斯坦,1286825,0,1245606,28767,0,0.0,,,
埃及,363162,0,301308,20727,0,0.0,,,
科威特,413491,0,410723,2465,0,0.0,,,
斯洛伐克,729475,0,595369,14826,0,0.0,,,
直布罗陀,7371,0,6955,99,0,0.0,,,
摩纳哥,99,0,93,4,0,,,,
巴拉圭,463372,0,446159,16478,0,0.0,,,
荷属安的列斯,22,0,15,1,0,,,,
多米尼克,18,0,16,0,0,,,,
乌兹别克斯坦,194333,0,190939,1418,0,0.0,,,
黑山,158466,0,154027,2329,0,0.0,,,
危地马拉,619852,0,602717,15986,0,0.0,,,
加蓬,37477,0,33094,280,0,0.0,,,
苏丹,43489,0,35491,3164,0,0.0,,,
利比亚,374989,0,355121,5493,0,0.0,,,
圣马丁岛,77,0,61,15,0,,,,
土耳其,8901117,0,8436712,77830,0,0.0,,,
巴布亚新几内亚,8,0,8,0,0,,,,
多米尼加,408516,0,402191,4212,0,0.0,,,
约旦,975956,0,903088,11761,0,0.0,,,
亚美尼亚,340723,0,321106,7683,0,0.0,,,
圣基茨和尼维斯,15,0,15,0,0,,,,
瓜德罗普,171,0,157,14,0,,,,
安提瓜和巴布达,4147,0,4019,117,0,0.0,,,
玻利维亚,542859,0,497115,19215,0,0.0,,,
哥伦比亚,5081064,0,4921311,128780,0,0.0,,,
圣文森特和格林纳丁斯,27,0,25,0,0,,,,
圣卢西亚,19,0,18,0,0,,,,
法国,7917264,0,7171380,119535,0,0.0,,,
阿联酋,742328,0,737330,2148,0,0.0,,,
加拿大,1807703,0,1746964,29768,0,0.0,,,
印度,34641561,0,34060774,473537,0,0.0,,,
英国,10464389,0,9220626,145605,0,0.0,,,
英格兰,2922841,0,7862,75782,0,0.0,,,
威尔士,178989,0,0,4945,0,0.0,,,
苏格兰,160992,0,0,6686,0,0.0,,,
未明确地区,95439,0,1713,0,0,0.0,,,
北爱尔兰,94539,0,0,1830,0,0.0,,,
意大利,5109082,0,4742887,134195,0,0.0,,,
伦巴第,869694,0,824764,33917,0,0.0,,,
威尼托,454803,0,430213,11686,0,0.0,,,
坎帕尼亚,445777,0,428961,7741,0,0.0,,,
艾米利亚-罗马涅,411888,0,382618,13369,0,0.0,,,
拉齐奥,374653,0,350845,8517,0,0.0,,,
皮埃蒙特,372507,0,357180,11717,0,0.0,,,
西西里,276550,0,241765,6342,0,0.0,,,
托斯卡纳,271265,0,253123,7013,0,0.0,,,
阿普利亚,263554,0,252241,6712,0,0.0,,,
弗留利-威尼斯-朱利亚,110808,0,105799,3801,0,0.0,,,
马尔凯,110517,0,103975,3046,0,0.0,,,
利古里亚,109805,0,103487,4385,0,0.0,,,
阿布鲁佐,79055,0,74325,2529,0,0.0,,,
卡拉布里亚,77709,0,71582,1315,0,0.0,,,
博尔扎诺,75040,0,73155,1185,0,0.0,,,
撒丁岛,71984,0,62734,1580,0,0.0,,,
翁布里亚,61686,0,58569,1433,0,0.0,,,
特伦蒂诺-上阿迪杰,47489,0,45628,1366,0,0.0,,,
巴西利卡塔,28939,0,26924,599,0,0.0,,,
莫利塞,14249,0,13521,495,0,0.0,,,
瓦莱达奥斯塔,12019,0,11436,473,0,0.0,,,
普利亚,4515,0,3565,532,0,0.0,,,
弗留利-威尼斯朱利亚,3296,0,2850,343,0,0.0,,,
撒丁,1363,0,1198,132,0,0.0,,,
未明确地区,0,0,0,0,0,0.0,,,
俄罗斯,9801613,0,8502406,281278,0,0.0,,,
菲律宾,2834611,0,2771277,49386,0,0.0,,,
芬兰,191226,0,46000,1360,0,0.0,,,
尼泊尔,822592,0,804544,11541,0,0.0,,,
葡萄牙,1166787,0,1086887,18537,0,0.0,,,
也门,10025,0,6913,1954,0,0.0,,,
塞舌尔,11,0,11,0,0,,,,
西班牙,5202958,0,4927391,88159,0,0.0,,,
斯里兰卡,567682,0,542326,14461,0,0.0,,,
阿尔及利亚,211469,0,145195,6103,0,0.0,,,
柬埔寨,120256,0,116609,2960,0,0.0,,,
海地,25510,0,21644,747,0,0.0,,,
瑞典,1212145,0,1161927,15136,0,0.0,,,
特里尼达和多巴哥,123,0,109,8,0,,,,
吉布提,13508,0,13294,187,0,0.0,,,
圣多美与普林西比,659,0,176,12,0,0.0,,,
布基纳法索,16000,0,15345,286,0,0.0,,,
比利时,1827467,0,1358257,27167,0,0.0,,,
伊拉克,2084346,0,2050033,23885,0,0.0,,,
马拉维,61981,0,58824,2307,0,0.0,,,
冰岛,18333,0,16721,35,0,0.0,,,
几内亚比绍,6444,0,6277,149,0,0.0,,,
拉脱维亚,257329,0,241683,4267,0,0.0,,,
不丹,66,0,21,0,0,,,,
挪威,285494,0,88952,1093,0,0.0,,,
印度尼西亚,4257685,0,4106292,143867,0,0.0,,,
安哥拉,65259,0,63325,1735,0,0.0,,,
开曼群岛,187,0,115,1,0,,,,
埃塞俄比亚,372215,0,349626,6800,0,0.0,,,
梵蒂冈,12,0,12,0,0,,,,
科特迪瓦,61824,0,60864,706,0,0.0,,,
卡塔尔,244223,0,241459,611,0,0.0,,,
莱索托,4,0,2,0,0,,,,
格鲁吉亚,865293,0,806596,12344,0,0.0,,,
墨西哥,3900293,0,3255802,295154,0,0.0,,,
圣马力诺,5979,0,5610,93,0,0.0,,,
哈萨克斯坦,975150,0,941285,12769,0,0.0,,,
安道尔,18010,0,16162,132,0,0.0,,,
牙买加,91469,0,62942,2410,0,0.0,,,
格恩西岛,252,0,238,13,0,,,,
罗马尼亚,1786036,0,1701727,57099,0,0.0,,,
阿曼,304603,0,300039,4113,0,0.0,,,
列支敦士登,82,0,55,1,0,,,,
马达加斯加,44800,0,43119,972,0,0.0,,,
